<archive xmlns="http://rs.tdwg.org/dwc/text/" metadata="eml.xml">
  <core encoding="UTF-8" fieldsTerminatedBy="\t" linesTerminatedBy="\n" fieldsEnclosedBy="" ignoreHeaderLines="1" rowType="http://rs.tdwg.org/dwc/terms/Occurrence">
    <files>
      <location>occurrence.txt</location>
    </files>
    <id index="0" />
    <field index="1" term="http://rs.tdwg.org/dwc/terms/ownerInstitutionCode"/>
    <field index="2" term="http://rs.tdwg.org/dwc/terms/basisOfRecord"/>
    <field index="3" term="http://rs.tdwg.org/dwc/terms/dynamicProperties"/>
    <field index="4" term="http://rs.tdwg.org/dwc/terms/occurrenceID"/>
    <field index="5" term="http://rs.tdwg.org/dwc/terms/sex"/>
    <field index="6" term="http://rs.tdwg.org/dwc/terms/lifeStage"/>
    <field index="7" term="http://rs.tdwg.org/dwc/terms/organismID"/>
    <field index="8" term="http://rs.tdwg.org/dwc/terms/organismName"/>
    <field index="9" term="http://rs.tdwg.org/dwc/terms/eventDate"/>
    <field index="10" term="http://rs.tdwg.org/dwc/terms/eventTime"/>
    <field index="11" term="http://rs.tdwg.org/dwc/terms/country"/>
    <field index="12" term="http://rs.tdwg.org/dwc/terms/countryCode"/>
    <field index="13" term="http://rs.tdwg.org/dwc/terms/locality"/>
    <field index="14" term="http://rs.tdwg.org/dwc/terms/decimalLatitude"/>
    <field index="15" term="http://rs.tdwg.org/dwc/terms/decimalLongitude"/>
    <field index="16" term="http://rs.tdwg.org/dwc/terms/geodeticDatum"/>
    <field index="17" term="http://rs.tdwg.org/dwc/terms/coordinateUncertaintyInMeters"/>
    <field index="18" term="http://rs.tdwg.org/dwc/terms/taxonID"/>
    <field index="19" term="http://rs.tdwg.org/dwc/terms/scientificName"/>
    <field index="20" term="http://rs.tdwg.org/dwc/terms/kingdom"/>
    <field index="21" term="http://rs.tdwg.org/dwc/terms/phylum"/>
    <field index="22" term="http://rs.tdwg.org/dwc/terms/class"/>
    <field index="23" term="http://rs.tdwg.org/dwc/terms/order"/>
    <field index="24" term="http://rs.tdwg.org/dwc/terms/family"/>
    <field index="25" term="http://rs.tdwg.org/dwc/terms/genus"/>
  </core>
  <extension encoding="UTF-8" fieldsTerminatedBy="\t" linesTerminatedBy="\n" fieldsEnclosedBy="" ignoreHeaderLines="1" rowType="http://rs.tdwg.org/dwc/terms/MeasurementOrFact">
    <files>
      <location>measurementorfact.txt</location>
    </files>
    <coreid index="0" />
    <field index="1" term="http://rs.tdwg.org/dwc/terms/measurementType"/>
    <field index="2" term="http://rs.tdwg.org/dwc/terms/measurementValue"/>
    <field index="3" term="http://rs.tdwg.org/dwc/terms/measurementUnit"/>
  </extension>
</archive>
